"chapter","chapterNumber","part","articleNumber","title","content","status"
"Chapter One","1","Part I: The United Republic and the People","1","Tanzania is one State and is a sovereign United Republic","Tanzania is one State and is a sovereign United Republic.","verified"
"Chapter One","1","Part I: The United Republic and the People","2","The territory of the United Republic","(1) The territory of the United Republic consists of the whole of the area of Mainland Tanzania and the whole of the area of Tanzania Zanzibar, and includes the territorial waters.

(2) For the purpose of the efficient discharge of the functions of the Government of the United Republic or of the Revolutionary Government of Zanzibar, the President may, in accordance with the procedures prescribed by law or provisions of such law as may be enacted by Parliament, divide the United Republic into regions, districts and other areas:

Provided that the President shall first consult with the President of Zanzibar before dividing Tanzania Zanzibar into regions, districts or other areas.","verified"
"Chapter One","1","Part I: The United Republic and the People","3","Declaration of Multi-Party State","(1) The United Republic is a democratic, secular and socialist state which adheres to multi-party democracy.

(2) All matters pertaining to the registration and administration of political parties in the United Republic shall be governed by the provisions of this Constitution and of a law enacted by Parliament for that purpose.","verified"
"Chapter One","1","Part I: The United Republic and the People","4","Exercise of State Authority of the United Republic","(1) All state authority in the United Republic shall be exercised and controlled by two organs vested with executive powers, two organs vested with judicial powers and two organs vested with legislative and supervisory powers over the conduct of public affairs.

(2) The organs vested with executive powers shall be the Government of the United Republic and the Revolutionary Government of Zanzibar; the organs vested with judicial powers shall be the Judiciary of the United Republic and the Judiciary of the Revolutionary Government of Zanzibar; and the organs vested with legislative and supervisory powers over public affairs shall be the Parliament of the United Republic and the House of Representatives.

(3) For the purposes of the efficient conduct of public affairs in the United Republic and for the allocation of powers among the organs specified in this Article, there shall be Union Matters as listed in the First Schedule and there shall also be non-union matters which are all other matters not so listed.

(4) Each organ specified in this Article shall be established and shall discharge its functions in accordance with the other provisions of this Constitution.","verified"
"Chapter One","1","Part I: The United Republic and the People","5","The Franchise","(1) Every citizen of the United Republic who has attained the age of eighteen years is entitled to vote in any election held in Tanzania. This right shall be exercised in accordance with the sub article (2), and of the other provisions of this Constitution and the law for the time being in force in Tanzania in relation to public elections.

(2) Parliament may enact a law imposing conditions restricting a citizen from exercising the right to vote by reason of any of the following grounds:
(a) being a citizen of another state;
(b) being mentally infirm;
(c) being convicted of certain specified criminal offences; or
(d) omission or failure to prove or to produce evidence as to age, citizenship or registration as a voter.

Except for these grounds no other grounds shall disqualify a citizen from exercising the right to vote.

(3) Parliament shall enact electoral law to provide for the following:
(a) the establishment of a permanent voters register and prescribing the procedure for its amendment or updating information contained in that register;
(b) specification of places and times for the registration of voters and for voting;
(c) procedure and conditions for enabling a person registered as a voter in one place to vote in another; and
(d) specification of the duties and functions of the Electoral Commission and the procedure for every election which shall be conducted under the direction and supervision of the Electoral Commission.","verified"
"Chapter One","1","Part II: Fundamental Objectives and Directive Principles of State Policy","6","Interpretation","In this Part of this Chapter, unless the context requires otherwise:- the Government includes the Government of the United Republic, the Revolutionary Government of Zanzibar, local government authorities and any person who exercises power or authority on behalf of either 'Government'.","verified"
"Chapter One","1","Part II: Fundamental Objectives and Directive Principles of State Policy","7","Application of the provisions of Part II","(1) Notwithstanding the provisions of subarticle (2), it shall be the duty and responsibility of the Government, all its organs and all persons or authorities exercising executive, legislative or judicial functions to take cognizance of, observe and apply the provisions of this Part of this Chapter.

(2) The provisions of this Part of this Chapter are not enforceable by any court. No court shall be competent to determine the question whether or not any action or omission by any person or any court, or any law or judgment complies with the provisions of this Part of this Chapter.","verified"
"Chapter One","1","Part II: Fundamental Objectives and Directive Principles of State Policy","8","The Government and the People","(1) The United Republic of Tanzania is a state which adheres to the principles of democracy and social justice and accordingly -
(a) sovereignty resides in the people and it is from the people that the Government through this Constitution shall derive all its power and authority;
(b) the primary objective of the Government shall be the welfare of the people;
(c) the Government shall be accountable to the people; and
(d) the people shall participate in the affairs of their Government in accordance with the provisions of this Constitution.

(2) The structure of the Government of the United Republic and the Revolutionary Government of Zanzibar or any of their organs, and the discharge of their functions shall be so effected as to take into account the unity of the United Republic and the need to promote national unity and preserve national dignity.","verified"
"Chapter One","1","Part III: Basic Rights and Duties","9","The pursuit of Ujamaa and Self-Reliance","The object of this Constitution is to facilitate the building of the United Republic as a nation of equal and free individuals enjoying freedom, justice, fraternity and concord, through the pursuit of the policy of Socialism and Self Reliance which emphasizes the application of socialist principles while taking into account the conditions prevailing in the United Republic. Therefore, the state authority and all its agencies are obliged to direct their policies and programmes towards ensuring -
(a) that human dignity and other human rights are respected and cherished;
(b) that the laws of the land are upheld and enforced;
(c) that activities of the Government are conducted in such a way as to ensure that the national wealth and heritage are harnessed, preserved and applied for the common good and also to prevent the exploitation of one person by another;
(d) that the national economy is planned and promoted in a balanced and integrated manner;
(e) that every person who is able to work does work, and work means any legitimate activity by which a person earns a living;
(f) that human dignity is preserved and upheld in accordance with the spirit of the Universal Declaration of Human Rights;
(g) that the Government and all its agencies accord equal opportunities to all citizens, men and women alike without regard to their colour, tribe, religion or station in life;
(h) that all forms of injustice, intimidation, discrimination, corruption, oppression or favouritism are eradicated;
(i) that the use of national wealth places emphasis on the development of the people and, in particular, on the development of the rural areas;","verified"
"Chapter One","1","Part II: Fundamental Objectives and Directive Principles of State Policy","10","[Repealed]","[Repealed by Act No.4 of 1992].","verified"
"Chapter One","1","Part II: Fundamental Objectives and Directive Principles of State Policy","11","Right to work, to educational and other pursuits","(1) The state authority shall make appropriate provisions for the realization of a person's right to work, to self education and social welfare at times of old age, sickness or disability and in other cases of incapacity. Without prejudice to those rights, the state authority shall make provisions to ensure that every person earns his livelihood.

(2) Every person has the right to access education, and every citizen shall be free to pursue education in a field of his choice up to the highest level according to his merits and ability.

(3) The Government shall make efforts to ensure that all persons are afforded equal and sufficient opportunity to pursue education and vocational training in all levels of schools and other institutions of learning.","verified"
"Chapter One","1",,,,,
"Chapter One","1",,,,,
"Chapter One","1",,,,,
"Chapter One","1",,,,,
"Chapter One","1","Part III: Basic Rights and Duties","16","Right to privacy and personal security","(1) Every person is entitled to respect and protection of his person, his privacy and his family life, and of his residence and his correspondence.

(2) For the purposes of this Article, 'family life' includes the right to marry and to have a family, and the right to live together as husband and wife.","verified"
"Chapter One","1",,,,,
"Chapter One","1",,,,,
"Chapter One","1",,,,,
"Chapter One","1",,,,,
"Chapter One","1",,,,,
"Chapter One","1",,,,,
"Chapter One","1",,,,,
"Chapter One","1",,,,,
"Chapter One","1",,,,,
"Chapter One","1",,,,,
"Chapter One","1",,,,,
"Chapter One","1",,,,,
"Chapter One","1","Part III: Basic Rights and Duties","29","Fundamental rights and duties","(1) Every person in the United Republic has the right to enjoy fundamental human rights and to enjoy the benefits accruing from the fulfillment by every person of this duty to society, as stipulated under Article 12 to 28 of this Part of this Chapter of the Constitution.

(2) Every person in the United Republic has the right to equal protection under the laws of the United Republic.

(3) A citizen of the United Republic shall not have a right, status or special position on the basis of his lineage, tradition or descent.

(4) It is hereby prohibited for any law to confer any right, status or special position upon any citizen of the United Republic on the basis of lineage, tradition or descent.","verified"
"Chapter One","1",,,,,
"Chapter One","1",,,,,
"Chapter One","1",,,,,
"Chapter Two","2","Part I: The President","33","President of the United Republic","(1) There shall be a President of the United Republic.

(2) The President shall be the Head of State, the Head of Government and the Commander-in-Chief of the Armed Forces.","verified"
"Chapter Two","2","Part I: The President","34","The Government of the United Republic and its Authority","(1) There shall be a Government of the United Republic which shall have authority over all Union Matters in the United Republic and over all other matters concerning Mainland Tanzania.

(2) The authority of the Government of the United Republic shall relate to the implementation and upholding of this Constitution and also to all other matters over which Parliament has power to legislate.

(3) All the authority of the Government of the United Republic over all Union Matters in the United Republic and also over all other matters concerning Mainland Tanzania shall vest in the President of the United Republic.

(4) Subject to the other provisions of this Constitution, the authority of the Government of the United Republic shall be exercised by either the President himself or by delegation of such authority to other persons holding office in the service of the United Republic.

(5) It is hereby declared that the provisions of this Article shall not be construed as -
(a) transferring to the President any powers which by the law have been conferred to another person or authority other than the President; or
(b) preventing Parliament from conferring power upon any person or authority other than the President.","verified"
"Chapter Two","2","Part I: The President","35","Discharge of business of the Government","(1) All Executive functions of the Government of the United Republic of Tanzania discharged by officers of the Government shall be so done on behalf of the President.

(2) Orders and other directives issued for the purposes of this Article shall be signified in such manner as may be specified in regulations issued by the President in conformity with the provisions of this Constitution.","verified"
"Chapter Two","2","Part I: The President","36","Authority to constitute offices and to appoint officers","(1) Subject to the other provisions of this Constitution and of any other law, the President shall have authority to constitute and to abolish any office in the service of the Government of the United Republic.

(2) The President shall have the authority to appoint persons to hold positions of leadership responsible for formulating policies for departments and institutions of the Government, and the Chief Executives who are responsible for supervision of the implementation of those department's and institution's policies in the Service of the Government of the United Republic, in this Constitution or in various laws enacted by the Parliament, which are required to be filled by a appointment made by the President.

(3) Subject to the provisions of subarticle (2), other conditions contained in this Constitution and any other relevant law, the authority for appointment of other persons who are not leaders or chief executives, to hold positions in the service of the Government of the United Republic, and also the authority for promoting such persons, to remove them from the office, to terminate their employment and the authority to regulate their discipline of persons who are given that authority, shall vest in the Service Commissions and given authority in respect with positions of authority pursuant to this Constitution or in accordance within any law concerned.

(4) The provisions of subarticles (2) and (3) shall not be construed to prohibit the President to take steps of maintaining discipline of the public servants and the public service of the Government of the United Republic.","verified"
"Chapter Two","2","Part I: The President","37","Discharge of duties and functions of President","(1) Apart from complying with the provisions contained in this Constitution, and the laws of the United Republic in the performance of his duties and functions, the President shall be free and shall not be obliged to take advice given to him by any person, save where he is required by this Constitution or any other law to act in accordance with the advice given to him by any person or authority.

(2) Where the Cabinet finds that the President is unable to discharge the functions of his office by reason of physical or mental infirmity, it may submit to the Chief Justice a resolution requesting him to certify that the President by reason of physical or mental infirmity, is unable to discharge the functions of his office. Upon receiving such a resolution, the Chief Justice shall appoint a medical board of not less than three persons from amongst experts recognized as such by the law governing medical practitioners in Tanzania and such board shall inquire into that issue and advise the Chief Justice accordingly, and he may, after considering the medical evidence, present to the Speaker a certificate certifying that the President, due to physical or mental infirmity, is unable to discharge the functions of his office; and if the Chief Justice does not rescind that certificate within seven days for the reason that the President's condition has improved and he has resumed work, then it shall be deemed that the office of the President is vacant, and the provisions contained in subarticle (3) shall apply.

(3) Where the President is absent from the United Republic, or is unable to discharge the functions of his office for any other reason, the duties and functions of the President shall be discharged by one of the following, in the order specified, that is to say -
(a) the Vice President or, if his office is vacant or if he is also absent or is ill; then
(b) the Prime Minister.

(4) Where the Prime Minister is discharging the duties and functions of the office of President by reason that the Vice President is absent, then the Prime Minister shall cease to discharge such duties and functions if any of the following events occurs first -
(a) the President returns in the United Republic or, his condition improves and reassumes the discharge of the duties and functions of the President; or
(b) the Vice President returns in the United Republic.

(5) Where the office of President becomes vacant by reason of death, resignation, loss of electoral qualifications or inability to perform his functions due to physical infirmity or failure to discharge the duties and functions of the office of President, then the Vice-President shall be sworn in and become the President for the unexpired period of the term of five years and in accordance with the conditions set out in Article 40, and, after consultation with the political party to which he belongs, the President shall propose the name of the person who shall be Vice-President and such appointment shall be confirmed by the National Assembly by votes of not less than fifty percentum of all the Members of Parliament.

(6) It is hereby declared that the office of the President shall not be deemed to be vacant and the President shall not be deemed to be absent from the United Republic or is unable to discharge his duties if he is
(a) absent from the town which is the seat of Government of the United Republic;
(b) he is absent from the United Republic for a period of twenty four hours; or
(c) he is ill but hopes to be better after a short period.

(7) Where any of the situations specified in subarticle (6) occurs, and the President deems it appropriate to delegate his powers for the duration of any such situation, then he may give directions in writing for the appointment of any of the persons mentioned in paragraph (a) or (b) of subarticle (3) of this Article for the purposes of discharging the functions of the office of President and the person so appointed shall discharge those functions of the office of President in accordance with the terms specified by the President; save that the terms specified in this Article shall be understood not to derogate or prejudice the power of the President under any other law to diminish his functions to any other person in accordance with any other law.

(8) The President may direct in writing, if in his opinion it is desirable so to do, any Minister to discharge any functions of President as may be specified and the Minister so directed shall by virtue of the provisions of this subarticle have the power to discharge those functions in accordance with any directions given by President, notwithstanding the provisions of any other law: Provided that -
(a) the President shall not have authority to delegate to a Minister in accordance with the provisions of this subarticle any function of President conferred on him by any law arising from the terms of any treaty to which the United Republic is a party if by law the President is not authorised to delegate such function to any other person;
(b) it is hereby declared that directions given by the President under the provisions of this subarticle directing any Minister to discharge any function of President shall not be deemed to prevent the President from discharging such function himself.

(9) For the purposes of clarity of the provisions of this Article -
(a) a Cabinet meeting held for the purpose of submitting to the Chief Justice a resolution concerning the state of health of the President shall be valid notwithstanding that any member of the Cabinet is absent or that his position is vacant and it shall be deemed that the Cabinet has passed that resolution as long as it is supported by the majority vote of members attending and voting;
(b) the President shall not be taken as being absent from the United Republic by reason only of the fact that he is in passage from one part of Tanzania to another through a foreign country, or for the reason that he has given directions in accordance with the provisions of subarticle (7) and those directions have not been rescinded.

(10) Notwithstanding the preceding provisions of this Article, a person discharging the functions of President under this Article shall not have power to dissolve Parliament, to remove any of the Ministers from office or to revoke any appointment made by the President.

(11) If any person discharging the functions of President in accordance with the provisions of this Article is a Member of Parliament, he shall not forfeit his seat in the National Assembly or be disqualified for election as Member of Parliament by reason only of his discharging those functions of President.","verified"
"Chapter Two","2","Part I: The President","38","Election of President","(1) The President shall be elected by the citizen in accordance with the provisions of this Constitution and in accordance with the law enacted by Parliament pursuant to the provisions of this Constitution, making provisions concerning the election of the President.

(2) Subject to the other provisions of this Constitution, the office of President shall be vacant and the election of the President shall be held or that vacancy shall be filled otherwise in accordance with this Constitution, as the case may be, upon the occurrence of any of the following events -
(a) the dissolution of Parliament;
(b) the resignation of the President without first dissolving Parliament;
(c) the disqualification of the President from holding elective office;
(d) the removal of President from office following his impeachment by the National Assembly in accordance with this Constitution;
(e) certification pursuant to the provisions of Article 37 of this Constitution that the President is unable to discharge the function of his office; or
(f) the death of the President.

(3) The office of President shall not be deemed to be vacant by reason only that the National Assembly has passed a motion of no confidence in the Prime Minister.","verified"
"Chapter Two","2","Part I: The President","39","Qualifications for election of President","(1) A person shall not be entitled to be elected to hold the office of President of the United Republic save only if -
(a) he is a citizen of the United Republic by birth in accordance with the citizenship law;
(b) he has attained the age of forty years;
(c) he is a member of, and a candidate nominated by, a political party;
(d) he is qualified to be a Member of Parliament or a Member of the House of Representatives; and
(e) within the period of five years before the General Elections, he has not been convicted by any court for any offence relating to evasion to pay any tax due to the Government.

(2) Without prejudice to any person's right and freedom of expression to hold his own views, to profess a religious faith of his choice, to associate with others and to participate with others in community work in accordance with the laws of the land, no person shall be qualified to be elected to hold the office of President of the United Republic unless he is a member of, and a candidate proposed by, a political party.","verified"
"Chapter Two","2","Part I: The President","40","Eligibility for re-election","(1) Subject to the other provisions of this Article, any person who holds office as President shall be eligible for re-election to that office.

(2) No person shall be elected more than twice to hold the office of President.

(3) A person who has been President of Zanzibar shall not be disqualified from being elected President of the United Republic for the reason only for he has once held office as President of Zanzibar.

(4) Where the Vice-President holds the office of President in accordance with the provisions of Article 37(5) for less than three years, he shall be eligible to contest for the office of President for two terms, but where he occupies the office of President for three years or more, he shall be eligible to contest for the office of President for one term only.","verified"
"Chapter Two","2","Part I: The President","41","Procedures for the election of President","(1) Where Parliament has been dissolved or where any of the events specified in subarticle (2) of Article 38 has occurred and it becomes necessary to hold an election of the President, every political party wishing to participate in the election of President shall submit to the Electoral Commission, in accordance with the law, the name of one of its members whom it proposes as a candidate to contest the election for the President of the United Republic and the name of another member of the party whom it proposes for the office of Vice-President.

(2) The names of the candidates proposed for the Presidential election shall be submitted to the Electoral Commission on a date and time appointed in accordance with a law enacted by Parliament, and a person shall not be validly nominated save only if his nomination is supported by such number of voters and in such manner as shall be prescribed by an Act of Parliament.

(3) Where on the date and time appointed for the purpose of submission of the names of the candidates, only the name of one candidate is validly submitted, the Electoral Commission shall nominate that candidate and present such candidate's name to the electorate who shall vote either for or against him in accordance with the provisions of this Article and an Act enacted by Parliament.

(4) The election of the President of the United Republic shall be held on a date to be appointed by the Electoral Commission in accordance with an Act of Parliament.

(5) All other matters concerning the procedures for the election of the President, shall be as provided for in a law enacted by Parliament in that behalf.

(6) Any presidential candidate shall be declared duly elected President only if he has obtained majority of votes.

(7) When a candidate is declared by the Electoral Commission to have been duly elected in accordance with this Article, then no court of law shall have any jurisdiction to inquire into the election of that candidate.","verified"
"Chapter Two","2","Part I: The President","42","Time of assumption and term of office of President","(1) The President elect shall assume office of President as soon as possible after it is declared that he has been elected President, but in any event he shall assume office before the expiration of not more than seven days.

(2) Unless he sooner resigns or dies, the President shall, subject to sub article (3), hold office of President for a period of five years from the date on which he was elected.

(3) A person elected President shall hold the office of President until -
(a) the day his successor in office takes the oath of office;
(b) the day he dies while in office;
(c) the day he resigns from office; or
(d) he ceases to hold the office of President in accordance with the provisions of this Constitution.

(4) If the United Republic is at war and the President considers that it is not practicable to hold elections, the National Assembly may pass a resolution extending the period of five years specified in subarticle (2) of this Article save that no such extension shall exceed a period of six months at any one time.

(5) Every President elect and every person assuming the office of President shall, before assuming the functions of the Office of President, take and subscribe, in the presence of the Chief Justice of the United Republic, oath of allegiance and such other oath relating to the execution of the functions of the office of President as may be prescribed by an Act of Parliament.","verified"
"Chapter Two","2","Part I: The President","43","Terms of office of President","(1) The President shall be paid such salary and other remuneration, and on retirement he shall receive such pension, gratuity or allowances as may be determined by the National Assembly, and the salary, other benefits, pension and gratuity shall be a charge on the Consolidated Fund of the Government of the United Republic.

(2) The salary and other benefits payable to the President shall not be reduced while he is in office in accordance with the provisions of this Constitution.","verified"
"Chapter Two","2","Part I: The President","44","Power to declare war","(1) Subject to this Constitution or to any Act of Parliament providing in that behalf, the President may declare the existence of a state of war between the United Republic and any other country.

(2) After making the declaration, the President shall transmit a copy of such declaration to the Speaker of the National Assembly who, after consultation with the Leader of Government Business in the National Assembly, shall within fourteen days from the date of the declaration, convene a meeting of the National Assembly to deliberate on the prevailing situation and to consider whether or not to pass a resolution in support of the declaration of war made by the President.","verified"
"Chapter Two","2","Part I: The President","45","Prerogative of mercy","(1) Subject to the other provisions contained in this Article, the President may do any of the following:
(a) grant a pardon to any person convicted by a court of law of any offence, and he may subject to law grant such pardon unconditionally or on conditions;
(b) grant any person a respite, either indefinitely or for a specified period, of the execution of any punishment imposed on that person for any offence;
(c) substitute a less severe form of punishment for any punishment imposed on any person for any offence; and
(d) remit the whole or part of any punishment imposed on any person for any offence, or remit the whole or part of any penalty of fine or forfeiture of property belonging to a convicted person which would otherwise be due to the Government of the United Republic on account of any offence.

(2) Parliament may enact law making provisions for the procedure to be followed by the President in the exercise of his powers under this Article.

(3) The provisions of this Article shall apply to persons convicted and punished in Tanzania Zanzibar and to punishments imposed in Tanzania Zanzibar under law enacted by Parliament which applies to Tanzania Zanzibar, likewise such provisions shall apply to persons convicted and punished in Mainland Tanzania in accordance with law.","verified"
"Chapter Two","2","Part I: The President","46","Immunity from criminal and civil proceedings","(1) During the President's tenure of office in accordance with this Constitution it shall be prohibited to institute or continue in court any criminal proceedings whatsoever against him.

(2) During the President's tenure of office in accordance with this Constitution, no civil proceedings against him shall be instituted in court in respect of anything done or not done, or purporting to have been done or not done, by him in his personal capacity as an ordinary citizen whether before or after he assumed the office of President, unless at least thirty days before the proceedings are instituted in court, notice of claim in writing has been delivered to him or sent to him pursuant to the procedure prescribed by an Act of Parliament, stating the nature of such proceedings, the cause of action, the name, residential address of the claimant and the relief which he claims.

(3) Except where he ceases to hold the office of President pursuant to the provisions of Article 46A(10) it shall be prohibited to institute in court criminal or civil proceedings whatsoever against a person who was holding the office of President after he ceases to hold such office for anything he did in his capacity as President while he held the office of President in accordance with this Constitution.","verified"
"Chapter Two","2","Part I: The President","46","Impeachment by the National Assembly","(1) Notwithstanding the provisions of Article 46 of this Constitution, the National Assembly may pass a resolution to remove the President from office if a motion to impeach the President is moved and passed in accordance with the provisions of this Article.

(2) Subject to the other provisions of this Article, no motion to impeach the President shall be moved save only if it is alleged that the President has -
(a) committed acts which generally violate Constitution or law concerning ethics of public leaders;
(b) committed acts which contravene the conditions concerning the registration of political parties specified in Article 20(2) of this Constitution; or
(c) conducted himself in a manner which lowers the esteem of the office of President of the United Republic,

and no such motion shall be moved within twenty months from the time when a similar motion was previously moved and rejected by the National Assembly.

(3) The National Assembly shall not pass a motion to impeach the President save only if -
(a) a written notice signed and supported by not less the twenty per cent of all Members of Parliament is submitted to the Speaker thirty days prior to the sitting at which such motion is intended to be moved in the National Assembly, specifying the wrong committed by the President and proposing that a Special Committee of Inquiry be Constituted to inquire into the charges brought against the President; and
(b) at any time after the Speaker receives the notice duly signed by the Member of Parliament and satisfies himself that the provisions of the Constitution for the moving of the motion have been complied with, to vote on the motion to constitute a Special Committee of Inquiry, and if it is supported by not less than two thirds of all the Members of Parliament, the Speaker shall announce the names of the member of the Special Committee of Inquiry.

(4) The Special Committee of Inquiry for the purpose of this Article shall consist of the following members, that is to say -
(a) the Chief Justice of the United Republic who shall be the Chairman;
(b) the Chief Justice of Tanzania Zanzibar; and
(c) seven members appointed by the Speaker in accordance with the Standing Orders of the National Assembly and taking into account the proportional representation amongst the political parties represented in the National Assembly.

(5) In the event that the National Assembly passes the motion to constitute a Special Committee of Inquiry, the President shall be deemed to be out of office, and the duties and functions of the office of President shall be discharged in accordance with the provisions of Article 37(3) of this Constitution until the Speaker shall inform the President about the resolution of the National Assembly in connection with the charges brought against him.

(6) Within seven days after the Special Committee of Inquiry is constituted, it shall sit, inquire into and analyse the charges preferred against the President, including and affording the President an opportunity to be heard in accordance with the procedure prescribed by the Standing Orders of the National Assembly.

(7) As soon as possible and in any event within a period of not more than ninety days, the Special Committee of Inquiry shall submit its report to the Speaker.

(8) After the Speaker has received the report of the Special Committee of Inquiry, the report shall be tabled before the National Assembly in accordance with the procedure prescribed by the Standing Orders of the National Assembly.

(9) After the report of the Special Committee of Inquiry is submitted pursuant to subarticle (8), the National Assembly shall debate the report and afford the President the opportunity to be heard and by votes of not less than two thirds majority of all the Members of Parliament, the National Assembly shall pass a resolution that either the charges against the President have been proved and that he is unworthy of continuing to hold the office of President, or the charges have not been proved.

(10) In the event the National Assembly passes a resolution that the charges against the President have been proved and that he is unworthy of continuing to hold the office of President, the Speaker shall inform the President and the Chairman of the Electoral Commission about the resolution whereupon the President shall be obliged to resign before the expiry of three days from the day the National Assembly passed the resolution.

(11) In the event the President ceases to hold the office of President by reason of the charges against him being proved he shall not be entitled to receive any payment by way of pension or to receive any benefits.","verified"
"Chapter Two","2","Part I: The President","46","Duty of principal leaders of organs with executive powers to preserve the Union","(1) Without prejudice to the duty of every citizen which is stipulated in Article 28 of this Constitution, the principal executive leaders of the organs vested with executive powers in the United Republic mentioned in Article 4 of this Constitution shall, each one of them in the exercise of the powers conferred by this Constitution or the Constitution of Zanzibar 1984 have the duty to protect and preserve the Union and the Union Matters.","verified"
"Chapter Two","2",,,,,
"Chapter Two","2",,,,,
"Chapter Two","2",,,,,
"Chapter Two","2",,,,,
"Chapter Two","2",,,,,
"Chapter Two","2",,,,,
"Chapter Two","2",,,,,
"Chapter Two","2",,,,,
"Chapter Two","2",,,,,
"Chapter Two","2",,,,,
"Chapter Two","2",,,,,
"Chapter Two","2",,,,,
"Chapter Two","2",,,,,
"Chapter Two","2",,,,,
"Chapter Two","2",,,,,
"Chapter Two","2",,,,,
"Chapter Two","2",,,,,
"Chapter Two","2",,,,,
"Chapter Three","3","Part I: Parliament","62","Parliament","(1) There shall be a Parliament of the United Republic which shall consist of two parts, that is to say, the President and the National Assembly.

(2) The National Assembly shall consist of all categories of members specified in Article 66 of this Constitution, who shall all be designated as Members of Parliament.

(3) Whenever any matter requires to be decided or done by both parts of Parliament in accordance with the provisions of this Constitution, or of any other law, then that matter shall not be taken to have been duly decided or done unless it is decided or done by the Members of Parliament and also by the President in accordance with their respective authority in relation to that matter.","verified"
"Chapter Three","3","Part I: Parliament","63","Authority of Parliament","(1) The President as one part of Parliament shall exercise all the authority vested in him by this Constitution for that purpose.

(2) The second part of Parliament shall be the principal organ of the United Republic which shall have the authority on behalf of the people to oversee and advise the Government of the United Republic and all its organs in the discharge of their respective responsibilities in accordance with this Constitution.

(3) For the purposes of performing its functions, the National Assembly may -
(a) put any question to any Minister concerning public affairs in the United Republic which are within his responsibility;
(b) debate on the performance of each Ministry during the annual budget session of the National Assembly;
(c) deliberate upon and authorize any long or short term plan which is intended to be implemented in the United Republic and enact a law to regulate the implementation of that plan;
(d) enact legislation where implementation requires legislation; and
(e) prepare or direct preparation and submission to any political party a report concerning any matter that is under the authority of the Parliament.","verified"
"Chapter Three","3","Part I: Parliament","64","Legislative power","(1) Legislative power in relation to all Union Matters and also in relation to all other matters concerning Mainland Tanzania is hereby vested in Parliament.

(2) Legislative power in Tanzania Zanzibar over all matter which are not Union Matters is hereby vested in the House of Representatives.

(3) Where any law enacted by the House of Representatives concerns any matter in Tanzania Zanzibar which is within the legislative jurisdiction of Parliament, that law shall be null and void, and likewise if any law enacted by Parliament concerns any matter which is within the legislative jurisdiction of the House of Representatives that law shall be null and void.

(4) Any law enacted by Parliament concerning any matter shall not apply to Tanzania Zanzibar save in accordance with the following provisions:
(a) such law shall have expressly stated that it shall apply to Mainland Tanzania as well as to Tanzania Zanzibar or it replaces, amends or repeals a law which is in operation in Tanzania Zanzibar;
(b) such law replaces or amends or repeals a law which was previously in operation in Mainland Tanzania and also in operation in Tanzania Zanzibar pursuant to the Articles of the Union of Tanganyika and Zanzibar, or pursuant to any law which expressly stated that it shall apply to Mainland Tanzania as well as Tanzania Zanzibar; or
(c) such law relates to Union Matters; and whenever reference is made to the term 'Tanzania' in any law, it is hereby declared that such law shall apply in the United Republic in accordance with the interpretation contained in the provisions of this Article.

(5) Without prejudice to the application of the Constitution of Zanzibar in accordance with this Constitution concerning all matters pertaining to Tanzania Zanzibar which are not Union Matters, this Constitution shall have the force of law in the whole of the United Republic, and in the event any other law conflicts with the provisions contained in this Constitution, the Constitution shall prevail and that other law, to the extent of the inconsistency with the Constitution, shall be void.","verified"
"Chapter Three","3","Part I: Parliament","65","Life of Parliament","(1) Subject to the other provisions of this Constitution, the life of each Parliament shall be five years.

(2) For the purposes of this Constitution the expression 'life of Parliament' means that whole period commencing from the date the new Parliament was first summoned after General Elections and ending on the date of dissolution of that Parliament for the purpose of enabling the holding of another ordinary general election.","verified"
"Chapter Three","3",,,,,
"Chapter Three","3",,,,,
"Chapter Three","3",,,,,
"Chapter Three","3",,,,,
"Chapter Three","3",,,,,
"Chapter Three","3",,,,,
"Chapter Three","3",,,,,
"Chapter Three","3",,,,,
"Chapter Three","3",,,,,
"Chapter Three","3",,,,,
"Chapter Three","3",,,,,
"Chapter Three","3",,,,,
"Chapter Three","3",,,,,
"Chapter Three","3",,,,,
"Chapter Three","3",,,,,
"Chapter Three","3",,,,,
"Chapter Three","3",,,,,
"Chapter Three","3",,,,,
"Chapter Three","3",,,,,
"Chapter Three","3",,,,,
"Chapter Three","3",,,,,
"Chapter Three","3",,,,,
"Chapter Three","3",,,,,
"Chapter Three","3",,,,,
"Chapter Three","3",,,,,
"Chapter Three","3",,,,,
"Chapter Three","3",,,,,
"Chapter Three","3",,,,,
"Chapter Three","3",,,,,
"Chapter Three","3",,,,,
"Chapter Three","3",,,,,
"Chapter Three","3",,,,,
"Chapter Three","3",,,,,
"Chapter Three","3",,,,,
"Chapter Three","3",,,,,
"Chapter Three","3",,,,,
"Chapter Four","4","Part I: The Revolutionary Government of Zanzibar and the President of Zanzibar","102","The Revolutionary Government of Zanzibar and its jurisdiction","(1) There shall be an Executive for Zanzibar which shall be known as 'the Revolutionary Government of Zanzibar' which shall have authority in Zanzibar over all matters which are not Union Matters in accordance with the provisions of this Constitution.

(2) Subject to the provisions contained in this and the following Articles in this Chapter of this Constitution, the Revolutionary Government of Zanzibar shall be constituted and shall exercise its authority in accordance with the provisions of this Constitution and the Constitution of Zanzibar, 1984.","verified"
"Chapter Four","4","Part I: The Revolutionary Government of Zanzibar and the President of Zanzibar","103","Head of the Revolutionary Government of Zanzibar and his authority","(1) There shall be a Head of the Executive for Zanzibar who shall be the President of Zanzibar and Head of the Revolutionary Government of Zanzibar and also the Chairman of the Zanzibar Revolutionary Council.

(2) The Head of the Revolutionary Government of Zanzibar shall, before assuming office, subscribe the oath before the Chief Justice of Zanzibar to protect and defend the Constitution of the United Republic and any other oath in accordance with the constitution of Zanzibar in connection with the execution of his duties, and then shall assume office and discharge those functions in accordance with the provisions of this Constitution and the Constitution of Zanzibar, 1984.

(3) In addition to his other powers, the Head of the Revolutionary Government of Zanzibar shall have the power to appoint and assign responsibilities to Ministers and Deputy Ministers of the Revolutionary Government of Zanzibar in accordance with the provisions of this Constitution and the Constitution of Zanzibar, 1984.","verified"
"Chapter Four","4","Part I: The Revolutionary Government of Zanzibar and the President of Zanzibar","104","Election of the Head of the Revolutionary Government of Zanzibar","(1) The Head of the Revolutionary Government of Zanzibar shall be elected by the people in Tanzania Zanzibar in accordance with the provisions of the Constitution of Zanzibar, 1984, and in accordance with the procedure prescribed by law enacted by the House of Representatives of Zanzibar which relates to the election in general or to the election of the Head of the Revolutionary Government of Zanzibar.

(2) Subject to the other provisions of this Constitution, the office of the Head of the Revolutionary Government of Zanzibar shall be vacant, and the election of the Head of the Revolutionary Government of Zanzibar shall be held to fill the vacancy upon the occurrence of any of the following events:
(a) upon the dissolution of the House of Representatives;
(b) the resignation of the Head of the Revolutionary Government of Zanzibar without first dissolving the House of representatives;
(c) the disqualification of the Head of the Revolutionary Government of Zanzibar from holding an elective office;
(d) the impeachment of the Head of the Revolutionary Government of Zanzibar by the House of Representatives in accordance with the Constitution of Zanzibar, 1984, and his removal from office;
(e) the certification pursuant to the Constitution of Zanzibar, 1984, that the Head of the Revolutionary Government of Zanzibar is unable to discharge his duties and functions; or
(f) the death of the Head of the Revolutionary Government of Zanzibar.","verified"
"Chapter Four","4","Part II: The Zanzibar Revolutionary Council","105","The Zanzibar Revolutionary Council and its functions","(1) There shall be a Zanzibar Revolutionary Council which shall consist of the following members:
(a) the Chairman of the Revolutionary Council;
(b) the Chief Minister of the Revolutionary Government of Zanzibar;
(c) all Ministers of the Revolutionary Government of Zanzibar; and
(d) other members to be appointed by the Chairman of the Revolutionary Council in accordance with the provisions of the Constitution of Zanzibar, 1984.

(2) Without prejudice to the powers of the Chairman of the Revolutionary Council as Head of the Revolutionary Government of Zanzibar, the Revolutionary Council shall be the principal organ for advising the Head of Revolutionary Government of Zanzibar regarding all matters concerning the exercise of his functions of leadership and supervision over the affairs of the Executive for Zanzibar and also in the discharge of his functions over all affairs of Government concerning all matters which are not Union Matters in accordance with the provisions of this Constitution and those of the Constitution of Zanzibar, 1984.","verified"
"Chapter Four","4","Part III: The House of Representatives of Zanzibar","106","The House of Representatives of Zanzibar and its legislative functions","(1) There shall be a House of Representatives of Zanzibar which shall consist of two parts: one part shall consist of Members of the House elected or appointed in accordance with the provisions of the Constitution of Zanzibar, 1984, and who shall be referred to as the Members of the House of Representatives; the other part shall be the Head of the Revolutionary Government of Zanzibar in the exercise of his functions pursuant to the provisions of this Constitution and the provisions of the Constitution of Zanzibar, 1984.

(2) Where pursuant to the provisions of this Constitution, the provisions of the Constitution of Zanzibar, 1984, or the provisions of any law enacted and in force in Zanzibar, any matter requires to be decided or done by both parts of the House of Representatives, then that matter shall not be deemed to have been duly decided and done unless it is decided or done by the Members of the House of Representatives and also by the Head of the Revolutionary Government of Zanzibar, in accordance with their respective authority in relation to that matter.

(3) Legislative authority in Zanzibar over all matters which are not Union Matters is hereby vested in the House of Representatives of Zanzibar.","verified"
"Chapter Four","4","Part III: The House of Representatives of Zanzibar","107","Authority of House of Representatives","(1) The President of Zanzibar as one part of the House of Representatives of Zanzibar shall exercise the authority vested in him by this Constitution and also by the Constitution of Zanzibar, 1984, for that purpose.

(2) The Members of the House of Representatives as the second part of the House of Representatives shall be the principal organ for Tanzania Zanzibar which shall have authority on behalf of the people in Tanzania Zanzibar to oversee and advise the Revolutionary Government of Zanzibar and all its organs in the discharge of their respective responsibilities in accordance with this Constitution and the Constitution of Zanzibar, 1984.

(3) For purposes of discharging its functions, the House of Representatives may -
(a) put to any Minister of the Revolutionary Government of Zanzibar any question concerning public affairs in Tanzania Zanzibar which are within his responsibility;
(b) debate on the performance of each Ministry of the Revolutionary Government of Zanzibar during the annual budget session of the House of Representatives;
(c) deliberate upon and authorize any long or short term plan which is intended to be implemented in Tanzania Zanzibar and enact a law to regulate the implementation of that plan;
(d) enact legislation where implementation requires legislation; and
(e) prepare or direct preparation and submission to any political party a report concerning any matter that is under the authority of the Parliament.","verified"
"Chapter Five","5","Part I: Dispensation of Justice in the United Republic","107","Authority of dispensing justice","(1) The Judiciary shall be the authority with final decision in dispensation of justice in the United Republic of Tanzania.

(2) In delivering decisions in matters of civil and criminal nature in accordance with the laws, the court shall observe the following principles, that is to say -
(a) impartiality to all without due regard to ones social or economic status;
(b) not to delay dispensation of justice without reasonable ground;
(c) to award reasonable compensation to victims of wrong doings committed by other persons, and in accordance with the relevant law enacted by the Parliament;
(d) to promote and enhance dispute resolution among persons involved in the disputes; and
(e) to dispense justice without being tied up with technicalities provisions which may obstruct dispensation of justice.","verified"
"Chapter Five","5","Part I: Dispensation of Justice in the United Republic","107","Independence of the Judiciary","In exercising the powers of dispensing justice, all courts shall have freedom and shall be required only to observe the provisions of the Constitution and those of the laws of the land.","verified"
"Chapter Five","5","Part II: The High Court of the United Republic","108","High Court of the United Republic and its jurisdiction","(1) There shall be a High Court of the United Republic (to be referred to in short as 'the High Court') the jurisdiction of which shall be as specified in this Constitution or in any other law.

(2) Where this Constitution or any other law does not expressly provide that any specified matter shall first be heard by a court specified for that purpose, then the High Court shall have jurisdiction to hear every matter of such type. Similarly, the High Court shall have jurisdiction to deal with any matter which, according to legal traditions obtaining in Tanzania, is ordinarily dealt with by a High Court provided that: the provisions of this subarticle shall apply without prejudice to the jurisdiction of the Court of Appeal of Tanzania as provided for in this Constitution or in any other law.","verified"
"Chapter Five","5","Part II: The High Court of the United Republic","109","Judges of the High Court and their appointment","(11) Any person appointed Acting Judge pursuant to the provisions of subarticle (10) of this Article shall continue to hold the office of Acting Judge for the period specified in his appointment, unless his appointment is earlier revoked by the President, but notwithstanding that the period of appointment has expired or that the appointment has been revoked, such person may continue to perform the functions of that office after the expiration of that period or the revocation of his appointment until he completes the preparation and delivery of the decision or until he completes any other business in connection with matters which he had started hearing before the expiration of that period or before the revocation of his appointment.","verified"
"Chapter Five","5","Part II: The High Court of the United Republic","110","Tenure of office of Judges of the High Court","(1) Every Judge of the High Court shall vacate his office on attaining the age of sixty years, but the provisions of this subarticle shall apply subject to the subsequent provisions of this Article.

(2) Any Judge of the High Court may retire from office in the service of the United Republic at any time on attaining the age of fifty five years, except where the President directs that he should not retire from office, and if the President so directs, then the Judge to whom the directions of the President relate shall not retire from office until the expiry of the period specified by the President for that purpose.

(3) In the event that the President considers it to be in the public interest that a Judge who has attained sixty years of age continue in office, and the Judge agrees in writing to continue in office, then the President may direct that the judge continue in office for any period which may be specified by the President.

(4) Notwithstanding that a Judge has attained the age at which he is required by the provisions of this Article to vacate office, a person who was holding the office of Judge of the High Court may continue to perform the functions of that office after attaining that age until he completes the preparation and delivery of the decision or until he completes any other business in connection with matters which he had started hearing before attaining that age.","verified"
"Chapter Five","5","Part II: The High Court of the United Republic","110","Procedures relating to discipline of Judges of the High Court","(1) The procedure for dealing with discipline of Judges, for reasons other than those specified in subarticle (2) shall be as prescribed under the law to be enacted by the Parliament.

(2) A Judge of the High Court may be removed from office only for inability to perform the functions of his office (either due to illness or to any other reason) or for behaviour inconsistent with the ethics of office of Judge or with the law concerning the ethics of public leaders and he shall not be so removed except in accordance with the provisions of subarticle (4) of this Article.

(3) Where the President considers that the question of the removal of a Judge from office needs to be investigated, then the procedure shall be as follows:
(a) the President shall, after consultation with the Chief Justice, suspend that Judge from office;
(b) the President shall appoint a Tribunal which shall consist of a Chairman and not less than two other members. The Chairman and with at least half of other members of the Special Tribunal must be persons who are judges of the High Court or Justices of Appeal in any country within the Commonwealth;
(c) the Tribunal shall investigate the matter and make a report to the President, advising on the whole matter, and shall advise him whether or not the Judge concerned should be removed from office in accordance with the provisions of this Article on the grounds of inability to perform his functions due to illness or any other reason or on grounds of misbehaviour.

(4) If the Tribunal appointed in accordance with the provisions of subarticle (3) advises the President that the Judge the subject of investigation by the Special Tribunal be removed from office on grounds of inability to perform functions due to illness or any other reason or on grounds of misbehaviour, then the President shall remove the Judge from office and the employment of that Judge shall cease.

(5) If the question of removing a Judge from office has been referred to a Tribunal for investigation pursuant to the provisions of subarticle (3) of this Article, the President may suspend the Judge concerned from duty, and the President may at any time rescind the decision to suspend such Judge, and in any case such decision shall lapse if the Tribunal advises the President that the Judge be not removed from office.

(6) The provisions of this Article shall be without prejudice to the provisions of subarticle (11) of Article 109 of this Constitution.","verified"
"Chapter Five","5","Part II: The High Court of the United Republic","111","Judges' oath of office","A Judge of the High Court shall not assume the functions of his office until he has first taken and subscribed the oath of allegiance and also such other oath concerning the discharge of his duties as may be prescribed in accordance with the law enacted by the Parliament.","verified"
"Chapter Five","5","Part III: The Judicial Service Commission","112","Judicial Service Commission","(1) There shall be an Appointments Advisory Commission for Judges and Magistrates in Mainland Tanzania which in this Constitution shall be known as the 'Judicial Service Commission'.

(2) Members of the Commission shall be -
(a) the Chief Justice who shall be the Chairman;
(b) the Attorney General;
(c) a Justice of Appeal of Tanzania who shall be appointed in that behalf by the President after consultation with the Chief Justice;
(d) the Principal Judge; and
(e) two members who shall be appointed by the President.

(3) A person shall not qualify to be appointed member of the Commission under the provisions of paragraph (e) of subarticle (2) of this Article, if he is a Member of Parliament or the holder of any other office prescribed in that behalf by a law enacted by Parliament.

(4) In discharging its functions, the Commission may delegate its duties to various Committees to be established in accordance with law enacted by Parliament.","verified"
"Chapter Five","5","Part III: The Judicial Service Commission","113","Powers and functions of the Commission","(1) The functions of the Commission shall be -
(a) to advise the President regarding appointments of the Judges of the High Court;
(b) to advise the President on matters relating to discipline of Judges;
(c) to advise the President in relation to salaries and remuneration for Judges;
(d) to advise the President in respect of appointment and discipline for Registrar of the Court of Appeal and the Registrar of the High Court;
(e) to appoint magistrates and control their discipline; and
(f) to establish various committees for purposes of implementation of its functions.

(2) The powers of appointment, control of discipline and removal of Judges from office shall vest in the President in accordance with the provisions of this Constitution.

(3) Powers of appointments, confirmation, disciplinary and removal of Registrars of the Court of Appeal and the High Court shall vest in the President.

(4) Powers of appointments, confirmation, disciplinary and removal of magistrates of courts in Mainland Tanzania shall vest in the Commission mentioned in Article 112.

(5) The Parliament may enact a law which shall make provisions relating to implementation of the functions by the Commission.","verified"
"Chapter Five","5","Part III: The Judicial Service Commission","113","Membership in political parties","It is hereby prohibited for a Justice of Appeal, a Judge of the High Court, a Registrar of any grade or a magistrate of any grade to join any political party save only that he shall have the right to vote which is specified in Article 5 of this Constitution.","verified"
"Chapter Five","5","Part IV: The High Court of Zanzibar","114","The High Court of Zanzibar","For the purposes of construing the provisions of this Chapter of this Constitution, it is hereby declared that the provisions contained in this Chapter do not prevent the continuance or establishment, in accordance with the law applicable in Zanzibar, of the High Court of Zanzibar or courts subordinate to it.","verified"
"Chapter Five","5","Part IV: The High Court of Zanzibar","115","Jurisdiction of the High Court of Zanzibar","(1) Subject to Articles 83 and 116 of this Constitution, the jurisdiction of the High Court of Zanzibar shall be as specified in the laws applicable in Zanzibar.

(2) Subject to the provisions of this Constitution or of any other law enacted by Parliament, where any law enacted by Parliament and which is applicable in Mainland Tanzania and also in Tanzania Zanzibar vests any power in the High Court, then the High Court of Zanzibar may exercise that power concurrently with the High Court of the United Republic.","verified"
"Chapter Five","5","Part V: The Court of Appeal of the United Republic","116","Interpretation","(1) Subject to the provisions of subarticle (2), the Chief Justice shall have no power over any matter concerning the structure and administration of the day-to-day business of the courts established in accordance with the Constitution of Zanzibar, 1984, or any law of Tanzania Zanzibar.

(2) The Chief Justice shall, from time to time, consult with the Chief Justice of Zanzibar concerning the administration of the business of the Court of Appeal in general, and also concerning the appointment of Justices of Appeal.","verified"
"Chapter Five","5","Part V: The Court of Appeal of the United Republic","117","Court of Appeal of the United Republic and its jurisdiction","(1) There shall be a Court of Appeal of the United Republic (to be referred to in short as 'the Court of Appeal') which shall have the jurisdiction of the Court of Appeal as provided in this Constitution or any other law.

(2) The Court of Appeal shall not have any jurisdiction in arbitration of any matter which is to be dealt with in accordance with the provisions of Article 126 of this Constitution concerning a dispute between the Government of the United Republic and the Revolutionary Government of Zanzibar.

(3) The functions of the Court of Appeal shall be to hear and determine every appeal brought before it arising from the judgment or other decision of the High Court or of a magistrate with extended jurisdiction.

(4) A law enacted in accordance with the provisions of this Constitution by Parliament or by the House of Representatives of Zanzibar may make provisions stipulating procedure for lodging appeals in the Court of Appeal, the time and grounds for lodging the appeals and the manner in which such appeals shall be dealt with.","verified"
"Chapter Five","5","Part V: The Court of Appeal of the United Republic","118","Chief Justice and Justices of Appeal and their appointment","(1) There shall be a Chief Justice of the Court of Appeal (who in the subsequent Articles of this Constitution shall be referred to in short as 'the Chief Justice') and not less than four other Justices of Appeal; save that a full bench of the Court of Appeal shall consist of not less than five Justices of Appeal.

(2) The Chief Justice shall be appointed by the President from amongst persons who possess qualifications to be appointed as a Justice of Appeal and shall be the Head of the Court of Appeal and of the Judiciary as defined in Article 116 of this Constitution and shall hold the office of a Chief Justice until he attains the retirement age of the Justice of Appeal, except if -
(a) he resigns;
(b) his office becomes vacant on grounds of illness or death; or
(c) he is removed from the post of the Chief Justice by President.

(3) The other Justices of Appeal shall be appointed by the President after consultation with the Chief Justice, from amongst persons who qualify to be appointed Judges of the High Court of the United Republic as provided for in Article 109 of this Constitution, or from amongst persons who qualify to be appointed Judges of the High Court of Zanzibar in accordance with the laws applicable in Zanzibar and have possessed such qualifications for a period of not less than fifteen years.

(4) Whenever -
(a) the office of Chief Justice is vacant,
(b) the Chief Justice is absent from Tanzania; or
(c) the Chief Justice, for any reason, fails to discharge his duties,

and if, in the duration of any of these three events the President considers it appropriate to appoint an Acting Chief Justice, then the President may appoint an Acting Chief Justice from among Justices of Appeal.

(5) The Acting Justice of Appeal shall perform the duties of the Chief Justice until another Chief Justice is appointed or until the Chief Justice who was absent from Tanzania or was unable to discharge his duties resumes duty.

(6) In the event that an office of Justice of Appeal is vacant or that any Justice of Appeal is appointed Acting Chief Justice or if the Justice of Appeal is for any reason unable to perform the functions of his office, or if the Chief Justice advises the President that the State of business then obtaining in the Court of Appeal requires the appointment of an Acting Justice of Appeal, then the President may, after consultation with the Chief Justice, appoint an Acting Justice of Appeal from amongst persons holding qualifications for appointment as Justice of Appeal in accordance with the provisions of subarticle (4) of this Article.

(7) Any person appointed Acting Justice of Appeal shall continue to hold the office of Acting Justice of Appeal for any period specified at the time of his appointment, until his appointment is revoked by the President, but not withstanding that the period of appointment has expired or that the appointment has been revoked, such person may continue to work as Acting Justice of Appeal for as long as may be necessary to enable him to prepare and deliver judgment or to do any other thing in relation to appeals or any other proceedings which were commenced before him prior to the expiration of such period or the revocation of his appointment.

(8) For the avoidance of doubt over the construction of the provisions of subarticle (1) of Article 119 of this Constitution, it is hereby declared that a person appointed an Acting Justice of Appeal shall have full power of a Justice of Appeal and shall discharge all duties of Justices of Appeal, and that the quorum of Justice of Appeal mentioned in Article 122 of this Constitution shall not be invalid on ground only that one or more than one Justice of Appeal at any sitting is an Acting Justice of Appeal.

(9) The office of Justice of Appeal shall not be abolished while there is a person holding the office of the Justice of Appeal.","verified"
"Chapter Five","5","Part V: The Court of Appeal of the United Republic","119","Jurisdiction of Justices of Appeal","No Justice of Appeal shall have jurisdiction to hear any matter in the High Court or in any magistrates' court of any grade: Provided that where a Judge of the High Court is appointed Justice of Appeal he may, notwithstanding such appointment, discharge his functions in the High Court until he completes the preparation and delivery of the decision or until he completes any other business in connection with matters which he had started hearing before his appointment as a Justice of Appeal, and for that purpose it shall be lawful for him to deliver judgment or any other decision concerned in the exercise of the jurisdiction he had before he was appointed Justice of Appeal; provided that where ultimately that judgment or decision is challenged by way of appeal to the Court of Appeal, then in such circumstances that Justice of Appeal shall not have jurisdiction to hear that appeal.","verified"
"Chapter Five","5","Part V: The Court of Appeal of the United Republic","120","Tenure of office of Justices of Appeal","(1) Every Justice of Appeal shall vacate his office upon attaining the age of sixty-five, but the provisions of this subarticle shall apply subject to the subsequent provisions of this Article.

(2) Any Justice of Appeal may vacate office in the service of the United Republic at any time on attaining the age of sixty five years except where the President directs that he should not vacate office, and if the President so directs, then the Justice to whom the directions of the President relate shall not vacate office until the expiry of the period specified by the President for that purpose.

(3) In the event that the President considers it to be in the public interest that a Justice of Appeal who has attained sixty-five years of age continue in office, and the Justice of Appeal agrees in writing to continue in office, then the President may direct that the Justice of Appeal continue in office for any period which may be specified by the President.

(4) Notwithstanding that a Justice of Appeal has attained the age at which he is required by the provisions of this Article to vacate his office, a person who was holding the office of Justice of Appeal may continue to perform the functions of that office after attaining that age until he completes the preparation and delivery of decision or until he completes any other business in connection with matters which he had started hearing before attaining that age.","verified"
"Chapter Five","5","Part V: The Court of Appeal of the United Republic","120","Procedures relating to discipline of Justices of Appeal","(1) The procedure for dealing with discipline of Justices of Appeal for offences other than those specified under subarticle (2), shall be as prescribed under the law to be enacted by the Parliament.

(2) A Justice of Appeal may be removed from office of a Justice of Appeal for reason of inability to perform the functions of his office (either due to illness or to any other reason) or for misbehaviour and shall not be removed from office except in accordance with procedural provisions similar to those prescribed for removal from office of the Judge of the High Court as stipulated in subarticle (2) and (3) of Article 110A of this Constitution, and for that purpose the provisions of subarticle (4) of Article 110A shall apply to the Justice of Appeal in the same manner as applied to the Judge of the High Court.

(3) The provisions of this Article shall apply without prejudice to the provisions of subarticle (5) of Article 118 of this Constitution.","verified"
"Chapter Five","5","Part V: The Court of Appeal of the United Republic","121","Oath of office of Justices of Appeal","A Justice of Appeal shall not assume office unless he has taken and subscribed the oath of allegiance and such other oath as may be prescribed by legislation enacted by Parliament.","verified"
"Chapter Five","5","Part V: The Court of Appeal of the United Republic","122","Quorum at sittings of the Court of Appeal","(1) The quorum at every sitting of the Court of Appeal shall not be less than three Justices of Appeal.

(2) In every appeal a matter which requires the decision by the Court of Appeal shall be decided on the basis of the majority opinion of the Justices of Appeal hearing the appeal.","verified"
"Chapter Five","5","Part V: The Court of Appeal of the United Republic","123","Jurisdiction of a single Justice of Appeal","A single Justice of Appeal may exercise any power vested in the Court of Appeal not involving the determination of an appeals; except that -
(a) in criminal matters, where a Justice of Appeal on an application for the exercise of those powers makes a decision which the applicant is dissatisfied with, then the applicant shall be entitled to require to have his application determined by the full Court; and
(b) in civil matters, the Court of Appeal may nullify or alter an order, direction or decision of any other kind made by a single Justice of Appeal in accordance with the provisions of this Article.","verified"
"Chapter Five","5","Part VI: Procedure for Service of Notices and Execution of Orders","124","Execution of court orders in the whole of Tanzania","(1) The criminal and civil process, including warrants of arrest issued by the Courts in Mainland Tanzania and in Tanzania Zanzibar may be served and may be executed in any place in Tanzania subject to the following provisions -
(a) where the court issues process to be served or executed in a place where it has no jurisdiction, such process shall be sent to that place and the service or execution shall be effected in accordance with the procedure obtaining for service or execution of process issued by the court having jurisdiction in that area; and
(b) where the law applicable in the place where the process is sent requires that a process issued by a court which has no jurisdiction be authenticated first by the court having local jurisdiction, then every process issued by the court elsewhere has to be authenticated first in accordance with the law before service or execution of such process.

(2) Where a person is arrested anywhere in Tanzania in accordance with an arrest warrant issued by a court having no jurisdiction in the area of arrest, then the person so arrested shall be deemed to be in lawful custody and be brought before the court which issued the arrest warrant, but the provisions contained in this subarticle shall apply without prejudice to the provisions of the law applicable in the place of the arrest.

(3) The provisions contained in this Article shall not prevent the enactment of a law providing for the procedure of sending process outside Tanzania issued by the courts in Mainland Tanzania or Tanzania Zanzibar.","verified"
"Chapter Five","5","Part VII: The Special Constitutional Court of the United Republic","125","Special Constitutional Court of the United Republic","There is hereby established the Special Constitutional Court of the United Republic whose jurisdiction, constitution and procedure shall be as stipulated in the provisions of Articles 126 and 128 of this Constitution.","verified"
"Chapter Five","5","Part VII: The Special Constitutional Court of the United Republic","126","Jurisdiction of the Special Constitutional Court","(1) The sole function of the Special Constitutional Court of the United Republic is to hear and give a conciliatory decision over a matter referred to it concerning the interpretation of this Constitution where such interpretation or its application is in dispute between the Government of the United Republic and the Revolutionary Government of Zanzibar.

(2) In the performance of its functions in accordance with the provisions of this Article, the Special Constitutional Court shall not have power to inquire into or to alter the decision of the High Court or the decision of the Court of Appeal which has been given in accordance with the provisions of Article 83 of this Constitution or the decision of the Court of Appeal which has been given in accordance with Article 117 of this Constitution.

(3) Every conciliatory decision given by the Special Constitutional Court pursuant to this Article shall be final; there shall be no right of appeal to any forum.","verified"
"Chapter Five","5","Part VII: The Special Constitutional Court of the United Republic","127","Composition of the Special Constitutional Court","(1) The Special Constitutional Court shall consist of members of whom one half shall be appointed by the Government of the United Republic and the other half shall be appointed by the Revolutionary Government of Zanzibar.

(2) A person may be appointed a member of the Special Constitutional Court only if he holds or has previously held the office of Justice of Appeal or of Judge of the High Court of the United Republic of Tanzania or of the High Court of Zanzibar, or he is a person who has the ability and experience which qualify him to be appointed to the office of Judge or Acting Judge under the law for the time being in force, in Mainland Tanzania or in Tanzania Zanzibar, as the case may be.

(3) A person may be appointed a member of the Special Constitutional Court either for purposes of determining one or two or more disputes should they arise. A member shall continue to execute his duties as a member of the Special Constitutional Court until the determination of the dispute in relation to which he is appointed or his appointment is revoked or until he fails to perform his duties as a member due to illness or any other reason.","verified"
"Chapter Five","5","Part VII: The Special Constitutional Court of the United Republic","128","Procedure at sittings of the Special Constitutional Court","(1) The Special Constitutional Court shall hold its sittings only when there is a dispute to be heard, and shall sit in any place to be decided upon in accordance with the procedure applicable for the purposes of hearing disputes submitted to the Special Constitutional Court.

(2) The quorum for every sitting of the Special Constitutional Court shall be all its members, and where any member is absent or the seat of any member is vacant, then the Government which had appointed that member who is absent or whose seat is vacant shall appoint another member to replace him. A temporary member appointed in accordance with this subarticle shall continue to hold office in the Special Constitutional Court until the substantive member resumes duty or until a person is appointed to fill the vacancy or until the dispute is determined, whichever of these events occurs earlier.

(3) Every matter requiring a decision of the Special Constitutional Court shall be determined on the basis of the opinion of two-thirds of the members appointed from Mainland Tanzania and two-thirds of the members appointed from Tanzania Zanzibar.

(4) Parliament may enact legislation providing for the election of the Chairman of the Special Constitutional Court, the procedure for the submission of disputes to the Court, the procedure for the hearing of disputes and the procedure for the transmission of the decisions of the Court to the Governments: Provided that where any matter is referred to the Special Constitutional Court before the enactment of the law referred to in this subarticle, the matter will be heard and decided in accordance with the procedures to be decided upon by the Court itself before hearing the matter, or if members of the Court fail to agree on such procedure, then the matter shall be heard and decided in accordance with the procedure to be decided upon by the Government of the Untied Republic in collaboration with the Revolution Government of Zanzibar.","verified"
"Chapter Six","6","Part I: The Commission for Human Rights and Good Governance","129","Commission for Human Rights and Good Governance","(1) There shall be a Commission to be known as the Commission for Human Rights and Good Governance whose functions shall be as prescribed in Article 130 of this Constitution.

(2) The Commission for Human Rights and Good Governance shall consist of the following Commissioners -
(a) the Chairman, who shall be a person who possess qualifications for appointment as a Judge;
(b) the Vice Chairman, who shall be appointed on the basis of principle if the Chairman hails from one part of the United Republic, that other person shall hail from the other part of the United Republic;
(c) other Commissioners not exceeding five who shall be appointed from amongst persons who possess skills, experience and wide knowledge in matters relating to human rights, law, administration, political or social affairs; and
(d) Assistant Commissioners.

(3) All Commissioners and the Assistant Commissioners shall be appointed by the President after consultation with the Nomination Committee.

(4) There shall be a Nomination Committee for purposes of this Article which shall consist of the following members -
(a) the Chief Justice of the Court of Appeal;
(b) the Speaker of the National Assembly;
(c) the Chief Justice of Zanzibar;
(d) the Speaker of the House of Representatives; and
(e) the Deputy Attorney General, who shall be Secretary of this Committee.

(5) A Chairman, Vice Chairman and all other Commissioners, shall each hold office for a period of three years and may be re-appointed for another only one term of three years.

(6) For purposes of protection of Commissioners from conflict of interests, any person who is appointed as Commissioner of the Commission shall immediately abandon any office held by him in any political party or any other office which shall be mentioned on that behalf by a law enacted by the Parliament.

(7) A Commissioner or Assistant Commissioner may only be removed from office for reasons of failure to discharge his duties or due to illness or any other reason, or for reason of his misconduct that affects code of conduct for Commissioner.

(8) The Commission may discharge its duties notwithstanding that there is vacant office among the seats of Commissioners or that one of the members is absent.","verified"
"Chapter Six","6","Part I: The Commission for Human Rights and Good Governance","130","Functions of the Commission and performance procedures","(4) The Commission shall conduct inquiry in accordance with the provisions of this Article and of any law enacted in that behalf by the Parliament, and shall inquire into the conduct of any person concerned or of any institution concerned whenever the President directs to conduct inquiry; likewise, except as the President directs the Commission not to conduct investigation, the Commission may conduct investigation whenever it deems necessary to inquire into the conduct of any person concerned, or any institution concerned with the provisions of this Article who is suspected or which is suspected to have abused the authority of his office, misused the authority of his office or the functions of such institution or for violation of human rights and principles of good governance.","verified"
"Chapter Six","6","Part I: The Commission for Human Rights and Good Governance","131","Powers of the Commission and procedures for its duties","(1) Without prejudice to other provisions of this Article, the Parliament may enact a law pursuant to the provisions of this Chapter of this Constitution for purposes of prescribing provisions in respect of authority of the Commission, procedures for conducting its business and legal immunities for Commissioners and employees of the Commission which shall enable them to discharge their duties without legal constraints.

(2) The Commission shall not inquire the following matters, for purposes of discharging its functions, that is to say -
(a) any matter which is before a Court or any Tribunal;
(b) any matter concerning relationship or cooperation between the Government and a foreign Government of any country or international organization;
(c) any matter concerning powers of the President to award remission; or
(d) any other matter that is mentioned in any law.

(3) In any financial year, the Commission shall prepare and submit to the Minister responsible for human rights a report in respect of -
(a) activities of the Commission in the preceding year; and
(b) implementation of preservation of human rights in the United Republic,

and, the Minister shall table before the National Assembly each report submitted to him as soon as practicable after receipt.

(4) The provisions of subarticle (3) shall not be construed as restricting the Commission from submitting any other report to any person or any other authority.","verified"
"Chapter Six","6","Part II: Public Leaders' Ethics Secretariat","132","Public Leaders' Ethics Secretariat","(1) There is hereby established a Public Leaders' Ethics Secretariat which shall have power to inquire into the behaviour and conduct of any public leader for the purpose of ensuring that the provisions of the law concerning the ethics of public leaders are duly complied with.

(2) For the purposes of this Article, the meaning of 'public leader' and 'code of ethics for public leaders' shall be construed in accordance with the provisions of the law concerning the ethics of public leaders or the provisions of any other law enacted by Parliament in so far as such provisions relate to the question of leadership and its interpretation.

(3) The Public Leader's Ethics Secretariat shall consist of the Ethics Commissioner and such other employees whose number shall be as specified by a law enacted by Parliament.

(4) Parliament shall enact a law stipulating basic rules of ethics for public leaders which shall be complied with by all persons holding public office which shall be specified by such law.

(5) Basic rules of ethics for public leaders shall -
(a) spell out public offices the holders of which shall be subject thereto;
(b) require persons holding certain public offices to make a formal declaration from time to time concerning their income, assets and liabilities;
(c) prohibit conduct and behaviour which tend to portray that a leader is dishonest, practices favouritism or lacks integrity, or which tends to promote or encourage corrupt practices in public affairs or jeopardizes public interest or welfare;
(d) prescribe penalties which may be imposed for breaches of the code of ethics;
(e) provide for procedure, powers and practice to be applied in order to ensure compliance with the code of ethics; and
(f) prescribe any other provisions as are appropriate or necessary for the purpose of promoting and maintaining honesty, transparency, impartiality and integrity in the conduct of public affairs and for the protection of public funds and any other public property.

(6) Parliament may, by law, provide for the dismissal or removal of a person from office for breaches of the code of ethics regardless of whether the office is elective or appointive.","verified"
"Chapter Seven","7","Part I: Contribution and Allocation of the Revenue of the United Republic","133","Joint Finance Account","The Government of the United Republic shall maintain a special account to be known as 'the Joint Finance Account', and which shall form part of the Consolidated Fund of the United Republic into which shall be paid all the moneys contributed by the two Governments in such proportions as shall be determined by the Joint Finance Commission in accordance with a law enacted by Parliament for the purposes of the business of the United Republic in relation to Union Matters.","verified"
"Chapter Seven","7","Part I: Contribution and Allocation of the Revenue of the United Republic","134","Joint Finance Commission","(1) There is hereby established a Joint Finance Commission consisting of not more than seven members who shall be appointed by the President in accordance with this Article and the provisions of a law enacted by Parliament.

(2) The functions of the Commission shall be -
(a) to analyze the revenue and expenditure arising from, or relating to the management of affairs concerning Union Matters, and to make recommendations to the two Governments concerning the contribution by, and the allocation to each of the Governments;
(b) to keep under constant scrutiny the fiscal system of the United Republic and also the relations between the two Governments in relation to financial matters; and
(c) to discharge other functions which the President shall assign to the Commission or as the President may direct, and in accordance with a law enacted by Parliament.","needs_review"
"Chapter Seven","7","Part II: The Consolidated Fund and the Finances of the United Republic","135","Consolidated Fund of the Government of the United Republic","(1) All revenue derived from various sources for the use of the Government of the United Republic, except for the type of revenue specified in subarticle (2) of this Article, shall be paid into one special fund to be known as the Consolidated Fund of the Government of the United Republic.

(2) The revenue which shall not be paid into the Consolidated Fund of the Government of the United Republic is that which has been specified by law to be used for a specified purpose or to be paid into another fund for special use.","verified"
"Chapter Seven","7","Part II: The Consolidated Fund and the Finances of the United Republic","136","Conditions for withdrawal of moneys from Consolidated Fund","(1) Moneys shall not be paid out of the Consolidated Fund of the Government of the United Republic for expenditure save in accordance with the following terms:
(a) such money should be for the purpose of expenditure which has been authorized to be charged upon the Consolidated Fund of the Government of the United Republic by this Constitution or by any other law; and
(b) such money is for expenditure which has been authorized either by Appropriation Act enacted by Parliament for that purpose or a law enacted by Parliament in accordance with the provisions of Article 140 of this Constitution.

(2) Moneys in any special fund of the Government other than the Consolidated Fund of the Government of the United Republic shall not be paid out for expenditure unless and until such expenditure has been authorized by law.

(3) Moneys in the Consolidated Fund of the Government of the United Republic shall not be paid out of that Fund for the purpose of expenditure unless and until such expenditure has been approved by the Controller and Auditor-General, and also on condition that such money shall have been paid out in accordance with a procedure prescribed for that purpose pursuant to a law enacted by Parliament.","verified"
"Chapter Seven","7","Part II: The Consolidated Fund and the Finances of the United Republic","137","Procedure for authorising expenditure out of Consolidated Fund","(1) The President shall give directives to persons concerned to prepare and submit to the National Assembly in each Government financial year estimates of the revenue and expenditure of the Government of the United Republic for the next financial year.

(2) After the National Assembly has approved the estimates of expenditure (apart from the expenditure charged on the Consolidated Fund by this Constitution or by any other law) a Bill to be known as an Appropriation Bill shall be introduced into the National Assembly for the purpose of authorizing the issue from the Consolidated Fund of the sums necessary to meet the expenditure for the various activities of the Government involved in those estimates.

(3) Where in any financial year it is found that -
(a) the amount of money appropriated by the Appropriation Act for a certain purpose is insufficient or it has been necessary to incur expenditure in respect of an activity for which no amount has been appropriated under the Act; or
(b) money has been expended for a certain purpose in excess of the amount appropriated for it by the Appropriation Act or that money has been expended for a purpose for which no amount was appropriated under the Act,

there shall be presented before the National Assembly a supplementary estimate or, as the case may be, a statement of excess, and after the National Assembly has approved the supplementary estimate or the statement of excess, there shall be introduced into the National Assembly a supplementary Appropriation Bill for the purpose of authorizing the issue of funds from the Consolidated Fund of the Government of the United Republic, and such moneys shall be used to meet the cost of the activities involved in the supplementary estimates or statement of excess.","verified"
"Chapter Seven","7","Part II: The Consolidated Fund and the Finances of the United Republic","138","Conditions of taxation","(1) No tax of any kind shall be imposed save in accordance with a law enacted by Parliament or pursuant to a procedure lawfully prescribed and having the force of law by virtue of a law enacted by Parliament.

(2) The provisions contained in subarticle (1) of this Act shall not preclude the House of Representatives of Zanzibar from exercising its powers to impose tax of any kind in accordance with the authority of that House.","verified"
"Chapter Seven","7","Part II: The Consolidated Fund and the Finances of the United Republic","139","Procedure for authorisation of expenditure in advance of appropriation","(1) Parliament may enact a law providing for the authorization of expenditure of moneys from the Consolidated Fund of the Government of the United Republic in accordance with a procedure prescribed in sub-article (2) of this Article.

(2) Where the financial year of the Government has begun and the Appropriation Act in relation to that year has not come into operation, then the President may authorize the issue of moneys from the Consolidated Fund of the Government of the United Republic for the purposes of meeting the expenses of essential business of the Government, and such moneys shall be expended until the expiration of four months from the beginning of the financial year, or until the Appropriation Act comes into operation, depending whichever occurs earlier.","verified"
"Chapter Seven","7","Part II: The Consolidated Fund and the Finances of the United Republic","140","Contingencies Fund and virement","(1) Parliament may enact a law providing for the following: (a) the establishment of a Contingencies Fund and authorizing the President or a Minister appointed by the President in that behalf to borrow money from that Fund to meet the costs of an urgent and unforeseen need for which no funds had been provided; and (b) authorizing the President or a Minister appointed by the President in that behalf to apply money specifically appropriated for certain business to meet the costs of an urgent and unforeseen need as referred to in paragraph (a) of this subarticle.

(2) Where money has been borrowed from the Contingencies Fund or money specifically appropriated for a certain purpose is applied to meet the costs of an urgent and unforeseen need, then there shall be presented before the National Assembly supplementary estimates, and after the National Assembly has approved the supplementary estimates, a supplementary Appropriation Bill which shall be introduced into the National Assembly for the purpose of authorizing such additional expenditure shall ensure that any moneys borrowed from the Contingencies Fund shall be reimbursed from the moneys the expenditure of which shall be authorized by that Bill","verified"
"Chapter Seven","7","Part II: The Consolidated Fund and the Finances of the United Republic","141","Public Debt","(1) The public debt of the United Republic shall be secured on the Consolidated Fund of the Government of the United Republic.

(2) For the purposes of interpretation of this Article, 'the public debt' means the debt itself and also the interest charged on it, sinking fund payments in respect of the debt, and any other expenditure connected with the debt.","verified"
"Chapter Seven","7","Part II: The Consolidated Fund and the Finances of the United Republic","142","Remuneration of certain holders of public offices to be a charge on Consolidated Fund","(1) Holders of public office to whom the provisions of this Article apply shall be paid salaries and allowances as shall be prescribed by a law enacted by a Parliament.

(2) The moneys for the salaries and allowances payable to the holders of offices to whom the provisions of this Article apply together with pension and gratuity for those entitled to such payments shall be a charge on the Consolidated Fund of the Government of the United Republic.

(3) The salary payable to the holder of a public office to whom the provisions of this Article apply together with his terms and conditions of service shall not be varied in a manner which is less beneficial to him, but these provisions shall not apply to allowances payable to the holder of such office.

(4) Where the holder of a public office to whom the provisions of this Article apply has the option to choose the salary or the terms and conditions of service, then for the purpose of construing the provisions of subarticle (3) of this Article, the salary, the terms and conditions of service which he chooses shall be deemed to be more beneficial to him than any other salary or terms and conditions of service which he could have opted for.

(5) The provisions of this Article shall apply to a Justice of Appeal, a Judge of the High Court of the United Republic, the Chairman and every member of the Commission from Human Rights and Good Governance and the Controller and Auditor General of the Government of the United Republic.","verified"
"Chapter Seven","7","Part II: The Consolidated Fund and the Finances of the United Republic","143","Controller and Auditor-General of the United Republic","(1) There shall be a Controller and Auditor-General of the United Republic.

(2) The Controller and Auditor-General shall have the responsibility over the following matters:
(a) to ensure that the use of any moneys proposed to be paid out of the Consolidated Fund has been authorized and that the funds shall be paid out in accordance with the provisions of Article 136 of this Constitution, and where he is satisfied that those provisions shall be duly complied with, then he shall authorize payment of such moneys;
(b) to ensure that all the moneys the payment of which has been authorized to be charged on the Consolidated Fund of the Government of the United Republic, or the moneys the use of which has been authorized by a law enacted by Parliament and which have been spent, have been applied to the purposes connected with the use of such moneys and that such expenditure has been incurred in accordance with the authorization for such expenditure; and
(c) at least once every year to audit and give an audit report in respect of the accounts of the Government of the United Republic, the accounts managed by all officers of the Government of the United Republic and the accounts of all courts of the United Republic and the accounts managed by the Clerk of the National Assembly.

(3) The Controller and Auditor-General and every employee of the Government who is authorized by him shall have the right to examine books records, statements of accounts, reports and all other documents concerning any type of account referred to in subarticle (2) of this Article.

(4) The Controller and Auditor-General shall submit to the President every report he makes pursuant to the provisions of subarticle (2) of this Article. Upon receipt of such report, the President shall direct the persons concerned to submit that report before the first sitting of the National Assembly which shall be held after the President has received the report and it shall have to be submitted to such sitting before the expiration of seven days from the day the sitting of the National Assembly began. If the President does not take steps of submitting such report to the National Assembly, then the Controller and Auditor-General shall submit the report to the Speaker of the National Assembly (or the Deputy Speaker if the office of the Speaker is vacant then, or if for any reason the Speaker is unable to perform the functions of his office) who shall submit the report to the National Assembly.

(5) The Controller and Auditor-General shall also have responsibility of discharging other duties and functions, and shall have other various powers as shall be specified by the law concerning the accounts of the Government of the United Republic or the accounts of other public authorities or other bodies.

(6) In the performance of his functions in accordance with the provisions of subarticles (2), (3) and (4) of this Article, the Controller and Auditor-General shall not be obliged to comply with the order or direction of any other person or Government Department, but the provisions of this subarticle shall not preclude a court from exercising jurisdiction to enquire into whether the Controller and Auditor-General has discharged his functions in accordance with the provisions of this Constitution or not.","verified"
"Chapter Seven","7","Part II: The Consolidated Fund and the Finances of the United Republic","144","Removal from office of Controller and Auditor-General","(1) Without prejudice to the other provisions of this Article, the Controller and Auditor-General of the United Republic shall be obliged to vacate office upon attaining the age of sixty or any other age which shall be prescribed by a law enacted by Parliament.

(2) The Controller and Auditor-General may be removed from office only for inability to perform the functions of his office (either due to illness or to any other reason) or for misbehaviour or for violating the provisions of the law concerning the ethics of public leaders and shall not be so removed except in accordance with the provisions of subarticle (4) of this Article.

(3) If the President considers that the question of the removal of the Controller and Auditor-General from office under the provisions of this Article needs to be investigated, then the procedure shall be as follows:
(a) the President shall appoint a Special Tribunal which shall consist of a Chairman and not less than two other members. The Chairman and at least half of the other members of that Special Tribunal shall be persons who are or have been Judges of the High Court or of the Court of Appeal in any country within the Commonwealth; and
(b) the Special Tribunal shall investigate and submit report to the President on whole matter and shall advise him whether or not the Controller and Auditor General should be removed from office in accordance with the provisions of this Article on the grounds of inability to perform his functions due to illness or any other reason or on grounds of misbehaviour.

(4) If the Special Tribunal appointed in accordance with the provisions of subarticle (3) advises the President that the Controller and Auditor-General be removed from office on grounds of inability to perform functions of his office due to illness or any other reason or on grounds of misbehaviour, then the President shall remove him from office.

(5) If the question of removing the Controller and Auditor-General has been referred to a Special Tribunal for investigation pursuant to the provisions of this Article, the President may suspend the Controller and Auditor-General from office, and the President may at any time rescind the decision to suspend the Controller and Auditor-General and in any case such decision shall lapse if the Special Tribunal advises the President that the Controller and Auditor-General be not removed from office.

(6) A person who holds or who has held the office of Controller and Auditor-General shall not be appointed to, or act in, any other office in the service of the Government of the United Republic.

(7) The provisions of this Article shall not apply to any person appointed acting Controller and Auditor-General.","verified"
"Chapter Eight","8","Part I: Public Authorities","145","The local government authorities","(1) There shall be established local government authorities in each region, district, urban area and village in the United Republic, which shall be of the type and designation prescribed by law to be enacted by Parliament or by the House of Representatives.

(2) Parliament or the House of Representatives, as the case may be, shall enact a law providing for the establishment of local government authorities, their structure and composition, sources of revenue and procedure for the conduct of their business.","verified"
"Chapter Eight","8","Part I: Public Authorities","146","Functions of local government authorities","(1) The purpose of having local government authorities is to transfer authority to the people. Local government authorities shall have the right and power to participate, and to involve the people, in the planning and implementation of development programmes within their respective areas and generally throughout the country.

(2) Without prejudice to the generality of subarticle (1) of this Article, a local government authority, in conformity with the provisions of the law establishing it, shall have the following functions:
(a) to perform the functions of local government within its area;
(b) to ensure the enforcement of law and public safety of the people; and
(c) to consolidate democracy within its area and to apply it to accelerate the development of the people.","verified"
"Chapter Nine","9","Part I: The Armed Forces","147","Prohibition to raise and maintain armed forces","(1) It is hereby prohibited for any person or any organization or any group of persons except the Government to raise or maintain in Tanzania an armed force of any kind.

(2) The Government of the United Republic may, in accordance with law, raise and maintain in Tanzania armed forces of various types for the purposes of the defence and security of the territory and the people of Tanzania.

(3) It is hereby prohibited for any member of the defence and security forces to join any political party, save only that he shall have the right to vote which right is specified under Article 5 of this Constitution.

(4) For the purposes of this Article, the expression 'member of the defence and security forces' means a member in the service of the Defence Forces, the Police Force, the Prisons Service or the National Service, whether on temporary or permanent terms.","verified"
"Chapter Nine","9","Part I: The Armed Forces","148","Powers of Commander-in-Chief","(1) Without prejudice to the provisions of any law enacted by Parliament, among the powers of the President as Commander-in-Chief of the Armed Forces is to command the Armed Forces to engage in military operations connected with the defence of the United Republic, rescue operations to save life and property in times of emergency and other matters which the Commander-in-Chief shall deem necessary, and to that end the Commander-in-Chief may command the Armed Forces to engage in those operations in or outside Tanzania.

(2) Without prejudice to the provisions of a law enacted by Parliament, power over the following matters shall vest in the Commander-in-Chief, that is to say:
(a) the appointment of top commanding officers in the Armed Forces of the United Republic;
(b) the recruitment of persons into and their removal from the Armed Forces;
(c) the appointment of commanders of various units of the Armed Forces; and
(d) the suspension of any power vested in any member of the Armed Forces and pertaining to his being a member of such Force.

(3) Anything done by any member of the Armed Forces in contravention of an order issued by the Commander-in-Chief pursuant to the provisions of subarticles (1) and (2) of this Article shall be void.","verified"
"Chapter Ten","10","Part I: Miscellaneous Provisions","149","Provisions relating to resignation from various offices established by this Constitution","(1) Any person holding any office established by this Constitution (including the office of Minister, Deputy Minister, or Member of Parliament, except an ex-officio Member of Parliament) may resign by giving notice in writing and signed by him, in accordance with the following procedure:
(a) if such person was appointed or nominated by one person, then such notice of resignation shall be submitted to the person who appointed or nominated him, or where he was appointed, or nominated by a body of persons, then such notice of resignation shall be submitted to that body of persons;
(b) if that person is the holder of the office of President, then the notice of resignation shall be submitted to the Speaker;
(c) if that person is the Speaker or Deputy Speaker of the National Assembly, the notice of resignation shall be submitted to the National Assembly; and
(d) if that person is a Member of Parliament, then that notice of resignation shall be submitted to the Speaker.

(2) A person who has given notice of resignation pursuant to the provisions of subarticle (1) of this Article shall be deemed to have resigned from the day the notice of resignation is received by the person or body of persons concerned, or when it is received by any person authorized by a person or body of persons concerned to receive the notice of resignation, but where the notice of resignation states that that person will resign some later day after the receipt of that notice by the person or body of persons concerned, then that person shall be deemed to have resigned from such later day.

(3) Where any person holding any office established by this Constitution, (including the office of the Minister, Deputy Minister or Member of Parliament, except an ex officio Member of Parliament) resigns, then, if he has all the necessary qualifications and is in every respect eligible, he may be reappointed or renominated to hold such office in accordance with the provisions of this Constitution.

(4) Nothing in the provisions of subarticle (3) shall preclude a person holding the office of President from being re-elected to that office while he holds the office of President.","verified"
"Chapter Ten","10","Part I: Miscellaneous Provisions","150","Provisions relating to procedure of succession to office in Government service","(1) For the purpose of interpreting the provisions of this Constitution in relation to the procedure of appointment to the service of the Government of the United Republic, it is hereby declared that any person having power pursuant to this Constitution to appoint or nominate another person to hold a certain office has also the power to appoint or nominate a person to act in, or to temporarily perform the functions of, that office: Provided that these provisions shall not apply to the offices of Minister, Deputy Minister, Justice of the Court of Appeal, Judge of the High Court, Member of the Commission for Human Rights and Good Governance or Member of the Electoral Commission.

(2) The following rules shall also apply for the purposes of interpreting the provisions of this Constitution concerning the procedure of appointment to offices in the services of the Government of the United Republic:
(a) where a person holding a certain office pursuant to the provisions of this Constitution is on leave pending vacation of office, then another person may be appointed to that office, notwithstanding that the other person is still in service;
(b) where two or more persons concurrently hold a certain office pursuant to their appointment in accordance with the rules laid down in paragraph (a) of this subarticle, then in those circumstances if the need arises to perform any duty connected with that office the person last appointed shall be deemed to be the only person holding such office; and
(c) where pursuant to provisions of this Constitution a person is appointed to act in or to perform the functions of a certain office when the substantive holder of that office fails to perform the duties connected with that office, then it shall not be permitted to inquire into or to make any representations against such appointment on the ground that the substantive holder did not fail to perform the duties connected with that office.","verified"
"Chapter Ten","10","Part I: Miscellaneous Provisions","151","Interpretation","(1) In this Constitution unless the context otherwise requires - 'military law' means a law or command issued pursuant to a law regulating discipline in a Force; 'member of armed force' when used in connection with any armed force, includes any member of the armed force who in accordance with the military law of the Force, is subject to the discipline of that Force; 'the House of Representatives' means the House of Representatives of Zanzibar referred to in Article 106 of this Constitution and which performs its functions in accordance with this Constitution and the Constitution of Zanzibar, 1984; 'Parliament' means the Parliament of the United Republic referred to in Article 62 of this Constitution; 'Political Party' means a political party which has been granted full registration in accordance with the Political Parties Act, 1992; 'Judiciary' has the meaning ascribed to it in subarticle (1) of Article 116 of this Constitution; 'Judiciary of Zanzibar' means the Zanzibar Judiciary which includes all the courts within the Revolutionary Government of Zanzibar; 'Chief Justice' means the Chief Justice of the Court of Appeal who is specified appointed and whose functions are prescribed in Article 118 of this Constitution; 'Chief Justice of Zanzibar' means the Chief Justice of the High Court of Zanzibar who, pursuant to the Constitution of Zanzibar, 1984, is the head of the Zanzibar Judiciary; 'Force' means any of the armed forces and includes any other force established by this Constitution or in accordance with law and which is governed by military law; 'Commonwealth' means the organization whose members include the United Republic and every country to which the provisions of section 7 of the Citizenship Act, 1961, apply; 'Oath' shall have the meaning ordinarily ascribed to it and includes any formal declaration permitted by law to be used instead of an oath; 'oath of allegiance' means the oath to be loyal to the State and to the Government of the United Republic; 'ethics of Office of Judge' means ethical rules guiding the conduct of persons holding the office of judge or magistrate; 'office in the service of the Government of the United Republic' shall have the ordinary meaning of that expression and includes service in the Armed Forces of the United Republic and in the Police Force or other force established in accordance with law; 'court' means any court having jurisdiction in the United Republic except a court established by military law; save that for the purposes of Articles 13, 14 and 15 of this Constitution it shall include a court established under military law; 'High Court' means the High Court of the United Republic or the High Court of Zanzibar; 'Union Matters' means all public affairs specified in Article 4 of this Constitution as being Union Matters; 'State Authority' includes the Executive and the Legislature of the United Republic, as well as the Executive and the House of Representatives of Zanzibar; 'Attorney-General' means the Attorney-General for the United Republic referred to in Article 59; 'the Government' includes the Government of the United Republic, the Revolutionary Government of Zanzibar or a District Council or Urban Authority, and also any person exercising any power or authority on behalf of the Government or local government authority; 'Local Government Authorities' means the local government authorities established under Article 145 of this Constitution for the purposes of exercising the people's power; 'Mainland Tanzania' means the whole of the territory of the United Republic which formerly was the territory of the Republic of Tanganyika; 'Tanzania Zanzibar' means the whole of the territory of the United Republic which formerly was the territory of the People's Republic of Zanzibar and which was previously referred to as 'Tanzania Visiwani'; 'General Elections' or 'people elections' means an election of a President and of the Members of Parliament representing electoral constituencies, which is held subsequent to the dissolution of Parliament; 'Ujamaa' or 'Ujamaa and Self Reliance' means the society's life principles for building a Nation that observes democracy, self reliance, freedom, equality, fraternity and unity of the peoples of the United Republic; 'Minister' means a Member of Parliament appointed to the office of Minister, except Deputy Minister, and that definition shall also apply to the Vice-President; 'Zanzibar' has the same meaning as Tanzania Zanzibar.

(2) The following rules shall be applied for the purpose of construing the provisions of the Constitution, that is to say -
(a) whenever a reference is made to the function of the office of President it shall be construed to include powers to perform various duties and functions as the Head of the Government of the United Republic, and also such other functions or duties if so provided in this Constitution or in any other law that such other powers or duties are powers of the President;
(b) whenever reference is made to an office in the service of the Government it shall be construed that the office concerned is within the service of the Government of the United Republic unless it is stated otherwise and whenever reference is made to the Government's department, it shall be construed that the department concerned is a department of the Government of the United Republic unless it is stated otherwise;
(c) if pursuant to the provisions of this Constitution there is any matter required to be performed or to be dealt with by any political party, then that matter shall be performed or dealt with by that party in accordance with the procedure laid down by that party for that purpose, and also in conformity with the provisions of this Constitution or any law enacted by Parliament for that purpose;
(d) for the purposes of this Constitution, a person shall not be deemed to hold office in the service of the Government of the United Republic by reason only that he is receiving pension or other payment of that kind in respect of his past service in the Government of the United Republic or in any former Government of Mainland Tanzania or in the Armed Forces or the Police Force of the Government of the United Republic or former Government of Mainland Tanzania or of Zanzibar;
(e) in this Constitution, unless the context requires otherwise, whenever reference is made to the holder of a certain office by reference to the designation of his office such reference shall be construed to include any person who is acting in, or who has been duly appointed to perform the functions of that office;
(f) in this Constitution wherever there is a reference to the power to remove the holder of an office in the service of the Government of the United Republic, it shall be construed that the power concerned includes the power conferred in accordance with the provisions of any law which requires or permits that person to retire: Provided that the provisions of this rule shall not be construed as conferring power on any person to require a Justice of the Court of Appeal, a Judge of the High Court or the Controller and Auditor-General to retire from office; and in this Constitution, wherever there is reference to a law which replaces or repeals another law, it shall be construed that the law concerned includes a law which amends that other law or which extends the application of that other law whether with or without modification or amendment, or a law which introduces new provisions in another law.","verified"
"Chapter Ten","10","Part I: Miscellaneous Provisions","152","Title, commencement and application of this Constitution","(1) This Constitution may be cited as the Constitution of the United Republic of Tanzania, 1977.

(2) This Constitution came into operation on the 26th of April, 1977.

(3) This Constitution shall apply to Mainland Tanzania as well as Tanzania Zanzibar.","verified"
